Text,Fluency Loss,Sentiment Loss,Potential Energy,Kinetic Energy,Lambda,Accepted
" it was a little of both.
That's how the first, second, third",56.75019073486328,0.19325274229049683,58.682716369628906,9.540268426192434,10.0,1
" it was a little however both,
That's how the Passive, second, third",56.75019073486328,0.19325274229049683,98.15672302246094,19.438324938322367,10.0,0
" it was a little of both prints
Marvel's how the first, second, third",56.75019073486328,0.19325274229049683,90.44612884521484,20.868820672286184,9.996745109558105,0
" it was a little of both.
That's how the Gutenberg, second, third",56.75019073486328,0.19325274229049683,75.01171875,17.96324398643092,9.996745109558105,0
" it was a little of both surv
That's how the first. minimum, third",56.75019073486328,0.19325274229049683,105.1527328491211,14.729588558799342,9.996745109558105,0
" it was a little autop both.
That's how the first, second,days",56.75019073486328,0.19325274229049683,94.60956573486328,17.051069078947368,9.996745109558105,0
" it was a little of bothities
That's how the first,  mathemat, third",56.75019073486328,0.19325274229049683,98.49329376220703,17.443202611019736,9.996745109558105,0
" it was a little of bothhi
That's how the first- second, third",56.75019073486328,0.19325274229049683,87.9621810913086,14.52924162212171,9.996745109558105,0
" it was a little of both.
That's how the first, second, third",56.75019073486328,0.19325274229049683,58.68210983276367,19.679869962993422,9.996745109558105,0
" it was a little of both.
Thatibaba how the first, second, third",56.75019073486328,0.19325274229049683,87.06832122802734,18.13467439350329,9.996745109558105,0
" it was Freak little of both.
That's how the first, second, third",56.75019073486328,0.19325274229049683,86.01355743408203,15.936747018914474,9.996745109558105,0
" italian a little of both.
That's how the first, second, third",56.75019073486328,0.19325274229049683,81.12644958496094,16.943613795230263,9.996745109558105,0
" it was a little of both.
That's how the first, second,ouble",56.75019073486328,0.19325274229049683,74.3287124633789,17.629542300575658,13.879424095153809,0
" it was a little of both.
Thatsoever how the firstMot second, third",56.75019073486328,0.19325274229049683,113.31278991699219,19.21531404194079,13.879424095153809,0
"soDeliveryDateit was a little of bothstrip
Thatguy how the first, second, third",56.75019073486328,0.19325274229049683,182.5285186767578,17.710072728207237,13.879424095153809,0
" it was a little of both.
Now's how the first, second, third",56.75019073486328,0.19325274229049683,69.78437805175781,14.6986328125,13.879424095153809,0
" it was a little of both.
That's how the first, second, third",56.75019073486328,0.19325274229049683,59.432430267333984,16.590817742598684,13.879424095153809,0
"orsiBah was a little of both.
That's how the first, second, third",56.75019073486328,0.19325274229049683,99.7894515991211,16.958534642269736,13.879424095153809,0
" marked was a little of both.
That's how the first, second, third",56.75019073486328,0.19325274229049683,74.0481948852539,21.61848787006579,13.879424095153809,0
" it was the little of both.
That's how the firstmania second, third",56.75019073486328,0.19325274229049683,86.0783462524414,15.130033151726973,13.879424095153809,0
" it was a little of both.
That's how Rat first, second, third",56.75019073486328,0.19325274229049683,78.97496032714844,27.922653680098684,13.879424095153809,0
" it was a little of both.
That's how theiolet, second, third",56.75019073486328,0.19325274229049683,81.6361312866211,16.29849403782895,13.879424095153809,0
" it was a little of bothician
That's how the first, second, third",56.75019073486328,0.19325274229049683,85.88448333740234,21.918906763980264,21.640945434570312,0
" it felt a little of both.
Thatlé how the first, second, nost",56.75019073486328,0.19325274229049683,102.10140991210938,18.302112458881577,21.640945434570312,0
" incorporit was a little of both.
Thatrill how the first, second,advant",56.75019073486328,0.19325274229049683,124.94122314453125,16.23234220805921,21.640945434570312,0
" it was a little of both.
That's how the first, second, campaigns",56.75019073486328,0.19325274229049683,71.05626678466797,22.646109169407893,21.640945434570312,0
" it was the little of both.
That's how the first, second, third",56.75019073486328,0.19325274229049683,67.88719940185547,21.91875513980263,21.640945434570312,0
" it was a little, both,
That's howupon first, second, third",56.75019073486328,0.19325274229049683,98.4511947631836,18.623623817845395,21.640945434570312,0
" itas was a little of both.
That's how the first Collect second, third",56.75019073486328,0.19325274229049683,93.12596130371094,24.589170435855262,21.640945434570312,0
" it was a little of both.
That's how the first, second, third",56.75019073486328,0.19325274229049683,60.93239212036133,17.24486662212171,21.640945434570312,0
" it was a little- both.
That's how the first, second, third",56.75019073486328,0.19325274229049683,80.67391967773438,20.082080078125,21.640945434570312,0
" it was a little of both,
That´ how the first, second, third",56.75019073486328,0.19325274229049683,85.11813354492188,17.226202713815788,21.640945434570312,0
" it was a little of both.
That's how the first, second, third",56.75019073486328,0.19325274229049683,63.10457229614258,14.52741056743421,32.8812255859375,0
" it was a little of both.
ThatSOURCE how the first, second, third",56.75019073486328,0.19325274229049683,91.62859344482422,14.01332365337171,32.8812255859375,0
" it was a little fractchi.
That's how the first, second, tamp",56.75019073486328,0.19325274229049683,102.00038146972656,15.801192434210526,32.8812255859375,0
" it was a little sensitive both,
That's how the firstavorite second,�",56.75019073486328,0.19325274229049683,110.96753692626953,14.853448807565789,32.8812255859375,0
" it was a little of both.
That's how the first, nen,ariat",56.75019073486328,0.19325274229049683,92.32044219970703,16.747269479851973,32.8812255859375,0
" it was a little of both.
That's how Gutenbergmithrunners second,yg",56.75019073486328,0.19325274229049683,107.8091049194336,23.773440069901316,32.8812255859375,0
" it was a little of both.
That's how the first,ediasecond, third",56.75019073486328,0.19325274229049683,85.6587142944336,18.303044048108553,32.8812255859375,0
"SPONSOREDit was a little of both.
That's how thesemble, second, third",56.75019073486328,0.19325274229049683,116.41014862060547,15.853017064144737,32.8812255859375,0
" it was a little of both.
That's how the first, second, third",56.75019073486328,0.19325274229049683,63.104576110839844,16.931614925986842,32.8812255859375,0
" along was a little Tigersarious.
That's how the first, second, third",56.75019073486328,0.19325274229049683,99.82630157470703,15.93807308799342,32.8812255859375,0
" it was a little of both.
That's how the first Written jri, dime",56.75019073486328,0.19325274229049683,112.9019775390625,17.004420230263158,47.71369934082031,0
" aston was a little of both.
That's how the first, second, Afgh",56.75019073486328,0.19325274229049683,94.8580093383789,21.59830386513158,47.71369934082031,0
" it was a little of both.
That's how the first, second, third",56.75019073486328,0.19325274229049683,65.97099304199219,16.710627826891447,47.71369934082031,0
"sitesit was a little of both.
Then's howoccup first, second, third",56.75019073486328,0.19325274229049683,142.5457763671875,13.849180201480262,47.71369934082031,0
" it was a little of both wax
That's Shogun the first soldolansecond, third",56.75019073486328,0.19325274229049683,127.8439712524414,18.403531044407895,47.71369934082031,0
" it was a little of both.
That's grainspend first, second, third",56.75019073486328,0.19325274229049683,106.05303955078125,19.465705951891447,47.71369934082031,0
" it was a little of both.
That's how the first, second, fifth",56.75019073486328,0.19325274229049683,66.27967834472656,15.272142269736841,47.71369934082031,0
"parenヘ was a little of both Borders
That's how the first, second,ois",56.75019073486328,0.19325274229049683,137.64320373535156,15.301318359375,47.71369934082031,0
" it was a little of both.
That's how the first, second, third",56.75019073486328,0.19325274229049683,65.97097778320312,20.991415244654604,47.71369934082031,0
" it was a little of both stages
That's how the first, second, distribut",56.75019073486328,0.19325274229049683,81.25431823730469,17.153127569901315,47.71369934082031,0
" it was a little of both,
That's how the firstmble  rehe,evin",56.75019073486328,0.19325274229049683,100.76453399658203,15.333336759868422,65.9466781616211,0
" bryce was a little of both.
That's how the first, second,quart",56.75019073486328,0.19325274229049683,94.45116424560547,17.413422594572367,65.9466781616211,0
" it was Cir little of both.
That'sSI the first, second, third",56.75019073486328,0.19325274229049683,117.4635238647461,15.795230263157894,65.9466781616211,0
" it was a little of both.
That's how the first,ICESsecond, visitation",56.75019073486328,0.19325274229049683,92.51580810546875,19.40595060649671,65.9466781616211,0
" it was the little of both.
That's Tycoon the first,  streng, Harriet",56.75019073486328,0.19325274229049683,125.04725646972656,21.073167660361843,65.9466781616211,0
" it was the little of both.
That's how Mer first, record, third",56.75019073486328,0.19325274229049683,106.22029876708984,20.78091334292763,65.9466781616211,0
"                ducers was the little of both.
That's how the Gutenberg, second, typ",56.75019073486328,0.19325274229049683,121.72956848144531,16.382267680921053,65.9466781616211,0
"xualit was a little of both.
That's awarding the firstformance second, third",56.75019073486328,0.19325274229049683,130.63706970214844,18.274976870888157,65.9466781616211,0
" it was a little of both,
That's how the first, Dragonboundsecond, fourth",56.75019073486328,0.19325274229049683,97.88874053955078,19.946977796052632,65.9466781616211,0
" inas was a little of both.
That's my the first, second,fourth",56.75019073486328,0.19325274229049683,85.97847747802734,17.693324681332236,65.9466781616211,0
" it was a little of both.
That's how the first- second, flowering",56.75019073486328,0.19325274229049683,85.66239166259766,27.98798314144737,87.28807067871094,0
" it was a little of bothry
That's how thetaboola,audersecond, radiant",56.75019073486328,0.19325274229049683,112.418212890625,22.470857319078945,87.28807067871094,0
" it was the little of both.
That's how the first, second, tert",56.75019073486328,0.19325274229049683,95.9656982421875,29.64332339638158,87.28807067871094,0
" valeoche a little favourable both.
That's how the first,thelesssecond, third",56.75019073486328,0.19325274229049683,134.86328125,16.926457134046053,87.28807067871094,0
" it was a little of both.
That'spler the first horizont  Allaah,part",56.75019073486328,0.19325274229049683,111.569091796875,22.480165501644738,87.28807067871094,0
" it was a little of both.
That's how DarkRah, second, sixth",56.75019073486328,0.19325274229049683,106.22300720214844,23.83479646381579,87.28807067871094,0
"encersit was a little of both.
That's how the first,hellsecond, recourse",56.75019073486328,0.19325274229049683,127.19116973876953,20.66686883223684,87.28807067871094,0
" it was a little of both Crimson
That's how the first, second,Latin",56.75019073486328,0.19325274229049683,100.37864685058594,23.744852487664474,87.28807067871094,0
"ModLoaderit was a little of both.
That's how the first, .second, third",56.75019073486328,0.19325274229049683,111.69035339355469,26.292436780427632,87.28807067871094,0
" erton was a little of both,
That's how the first,  seiz, ditch",56.75019073486328,0.19325274229049683,142.74313354492188,24.569217722039472,87.28807067871094,0
"........it was a little of both.
That's how the first,selveslast,ã",56.75019073486328,0.19325274229049683,119.96533966064453,27.366113281249998,112.09437561035156,0
" it was a little of both.
That….. how the first, second, quarters",56.75019073486328,0.19325274229049683,105.41966247558594,26.63153782894737,112.09437561035156,0
" it was a little of both.
That's how the first,stockbelow,thirds",56.75019073486328,0.19325274229049683,87.33885955810547,20.739368318256577,112.09437561035156,0
"ethelessit was a little of both.
That's how the first, Meaningsecond,.�",56.75019073486328,0.19325274229049683,134.68630981445312,26.06696648848684,112.09437561035156,0
" it was a little of both.
That's how the first, second,*/(",56.75019073486328,0.19325274229049683,111.39537811279297,25.317912212171052,112.09437561035156,0
" it was the little of both.
That'sworld thewan,terdayelight,Bey",56.75019073486328,0.19325274229049683,118.4748306274414,25.857375616776316,112.09437561035156,0
" it was a little of both.
That'sillionspak first,selfsecond, Tanz",56.75019073486328,0.19325274229049683,165.99929809570312,27.08060238486842,112.09437561035156,0
" power was a little of both.
That's how the first, second,‑",56.75019073486328,0.19325274229049683,74.0228271484375,31.702292351973682,112.09437561035156,0
"ammadit was a little, both.
That's how the safest,helllaus, third",56.75019073486328,0.19325274229049683,129.71163940429688,25.100642475328947,112.09437561035156,0
" catentry was a little of both.
That's how played first,ffeesecond,thirds",56.75019073486328,0.19325274229049683,136.41673278808594,22.330078125,112.09437561035156,0
"amountit jars a little of bothpring
That's positives the first,Accessoryfirst, outnumbered",56.75019073486328,0.19325274229049683,245.9112548828125,27.35427888569079,140.15151977539062,0
" it was a little of Galile.
That Rosenstein Parables Ballard first, second, quarters",56.75019073486328,0.19325274229049683,143.88441467285156,26.76767578125,140.15151977539062,0
"����it was a little of both.
That's Judd the first, terday,quart",56.75019073486328,0.19325274229049683,128.02499389648438,33.072702508223685,140.15151977539062,0
" it was a little of both.
That's how the first/ second,terms",56.75019073486328,0.19325274229049683,89.58659362792969,30.203952508223683,140.15151977539062,0
" it was a little of both.
That's,... "" first,thoodsecond, advoc",56.75019073486328,0.19325274229049683,120.8465805053711,35.715177837171055,140.15151977539062,0
" ...""it was a little, both,
That's how the first, second, childbirth",56.75019073486328,0.19325274229049683,114.5943603515625,28.599686472039473,140.15151977539062,0
" it was a little- both.
That's how the first, last, Sector",56.75019073486328,0.19325274229049683,122.73074340820312,28.29158357319079,140.15151977539062,0
"oiseit was the littleomorph both.
Thatopiaplyamaricious,memorysecond,clus",56.75019073486328,0.19325274229049683,161.03611755371094,28.332982113486842,140.15151977539062,0
" it was a little of both Atlas
Thatocal how the Liber- Tsukuyomisecond,externalActionCode",56.75019073486328,0.19325274229049683,142.51339721679688,29.019415604440788,140.15151977539062,0
" it was a little-tesy,
That's how the first,skillsecond,icent",56.75019073486328,0.19325274229049683,109.47077941894531,30.02053865131579,140.15151977539062,0
" it was a little of both.
That's how the first-kindbetter, thirds",56.75019073486328,0.19325274229049683,62.96806335449219,37.070615748355266,170.6271209716797,1
" it was a little of both.
That's how the first-beaut capture,Topic",86.22059631347656,-0.13627690076828003,76.88156127929688,36.81740851151316,170.6271209716797,0
" it was a little of both.
That's how the first-kind youngsteadfold",86.22059631347656,-0.13627690076828003,98.4389877319336,35.914915707236844,170.6271209716797,0
"ivitiesit was a little of both.
That's how the first-kindmore,光",86.22059631347656,-0.13627690076828003,82.88784790039062,35.72126850328947,170.6271209716797,0
" it was a little of both.
atti's how the first-kindfirst,voice",86.22059631347656,-0.13627690076828003,90.8480453491211,34.72214226973684,170.6271209716797,0
" it was the little of both.
That's how the first-kindfirst,Topic",86.22059631347656,-0.13627690076828003,56.92888641357422,25.041239206414474,170.6271209716797,0
" it wasarching little of both.
That's how the first- goodnessplswickvoice",86.22059631347656,-0.13627690076828003,165.67352294921875,32.47859015213816,170.6271209716797,0
" it was a little of bothjoy
That's how the first-kindwhere,voice",86.22059631347656,-0.13627690076828003,65.86883544921875,32.233552631578945,170.6271209716797,0
" it was a little of both.
That's how the first-kindfast,光",86.22059631347656,-0.13627690076828003,60.79932403564453,31.377970805921052,170.6271209716797,0
" it was a little of both.
That's how the first-kindgreat,voice",86.22059631347656,-0.13627690076828003,61.16573715209961,29.241288034539473,170.6271209716797,0
" it was a little of both.
That's how the first-kinditiveswickorders",86.22059631347656,-0.13627690076828003,73.82603454589844,34.17315224095395,198.6700897216797,0
" it was a little of both.
That's how the first-kind best,光",86.22059631347656,-0.13627690076828003,49.08958435058594,32.821797902960526,198.6700897216797,0
" it was the little of both.
That's how the first-kindfirst Spe Kush",86.22059631347656,-0.13627690076828003,86.42032623291016,35.49929070723684,198.6700897216797,0
" it was a little of both Hug
That's how the first-kind youngsteadfold",86.22059631347656,-0.13627690076828003,116.29330444335938,39.935351562499996,198.6700897216797,0
" it was a little of both.
That's how the first-beaut true,�",86.22059631347656,-0.13627690076828003,68.19861602783203,41.717824835526315,198.6700897216797,0
" it was a little of both.
It's how the first timekind swift,voice",86.22059631347656,-0.13627690076828003,62.88650894165039,27.532933285361842,198.6700897216797,0
" it was a little of both.
That's how the first- Heaventhroughteryvoice",86.22059631347656,-0.13627690076828003,114.90918731689453,34.89515059621711,198.6700897216797,0
" it was a little of both.
That's how the first-kind young,光",86.22059631347656,-0.13627690076828003,45.110191345214844,42.965840871710526,198.6700897216797,0
" it was a little of both.
That's how the first-kind young, Feld",86.22059631347656,-0.13627690076828003,50.819644927978516,42.47262541118421,198.6700897216797,0
" it was a little of both,
That's how the first-kind capture,voice",86.22059631347656,-0.13627690076828003,60.88544464111328,47.320677425986844,198.6700897216797,0
" it was a little of both,
That's how the first-kind gold Urbanvoice",86.22059631347656,-0.13627690076828003,93.54069519042969,38.179605263157896,223.85272216796875,0
" it was a little of both.
That's how the first-lovewhere,之",86.22059631347656,-0.13627690076828003,31.029132843017578,36.29735814144737,223.85272216796875,0
" it was a little of both.
That's how the first-kind young Urban Feld",86.22059631347656,-0.13627690076828003,68.01394653320312,47.42763671875,223.85272216796875,0
" it was a little of both.
That's how the first-kindcloud,voice",86.22059631347656,-0.13627690076828003,41.04349899291992,38.440625,223.85272216796875,0
"ativityit was a little of both.
That's how the first-kindforth norvoice",86.22059631347656,-0.13627690076828003,81.99456024169922,36.488995682565786,223.85272216796875,0
" it was a little of both.
That's how the first-kind charismatic, facet",86.22059631347656,-0.13627690076828003,28.214580535888672,28.33209806743421,223.85272216796875,1
" it was a little of both,
That's how the first- beneessoteric tremend",79.46055603027344,-0.22892719507217407,51.29983901977539,92.29196134868421,223.85272216796875,0
"peatit was a little of both,
You's how the first-kindess correct tremend",79.46055603027344,-0.22892719507217407,82.69284057617188,94.58384046052632,223.85272216796875,0
"ivitiesit was a little of both,
Love's how the first-kind loveoteric tremend",79.46055603027344,-0.22892719507217407,72.380615234375,85.99956825657894,223.85272216796875,0
"endiit was a little of both, andThat's how the first-kindessoteric concess",79.46055603027344,-0.22892719507217407,87.01127624511719,111.61334292763158,223.85272216796875,0
" it was a little of both,
That's how the first-kindessoteric lawfully",79.46055603027344,-0.22892719507217407,44.21440887451172,93.25419407894736,245.94570922851562,0
" it waslay little of both,
It's how the first Eternitykindlove Magic tremend",79.46055603027344,-0.22892719507217407,75.89956665039062,89.50952919407895,245.94570922851562,0
" it was a little of both,
lear's how the first-kind love correctafort",79.46055603027344,-0.22892719507217407,85.74537658691406,112.46525493421052,245.94570922851562,0
"endiit was a little of both.
That's how the first-beaut lovex tremend",79.46055603027344,-0.22892719507217407,62.937713623046875,83.46550678453947,245.94570922851562,0
" it was a little of both,
That's how the first- mindfulnessessmost tremend",79.46055603027344,-0.22892719507217407,46.36187744140625,86.0135433799342,245.94570922851562,0
" it was a little of both,
It's how the first-kindess Primordial tremend",79.46055603027344,-0.22892719507217407,37.680381774902344,110.2214021381579,245.94570922851562,0
"gaardit waslay little of both,
That's how the first-kindessmost tremend",79.46055603027344,-0.22892719507217407,87.4334487915039,93.59719366776315,245.94570922851562,0
"endiit was a little of both.
That's how the first-Beautloveoux tremend",79.46055603027344,-0.22892719507217407,68.60865020751953,77.55568462171053,245.94570922851562,0
" it waslay little of both, the It's how the first Eternity tranquesssingafort",79.46055603027344,-0.22892719507217407,114.47374725341797,90.95861430921052,245.94570922851562,0
" it was a little of both,
I's how the first-kind love selectafort",79.46055603027344,-0.22892719507217407,66.92591857910156,94.50810032894736,245.94570922851562,0
"endiit was a little of both,
That's how the first- beneessotericafort",79.46055603027344,-0.22892719507217407,86.754638671875,126.15072985197368,264.822509765625,0
"²it was a little, both,
That's how the first-Beaut God Primordial lawfully",79.46055603027344,-0.22892719507217407,85.27456665039062,143.15355674342106,264.822509765625,0
" it was a little of both,
Love's how the first-kind love,afort",79.46055603027344,-0.22892719507217407,30.000076293945312,94.31237664473684,264.822509765625,0
" it was vibrllah of both.
That's how the first positionkind love,afort",79.46055603027344,-0.22892719507217407,61.55986022949219,67.44472142269737,264.822509765625,0
"️it was a little of both,
That's how the first-kind lovemost tremend",79.46055603027344,-0.22892719507217407,41.363372802734375,99.27447574013158,264.822509765625,0
" it was a little of both,
It's how the first-kindessotericafort",79.46055603027344,-0.22892719507217407,53.33380126953125,99.30025699013157,264.822509765625,0
" it was a little of both,
That's how the first-beautesslink tremend",79.46055603027344,-0.22892719507217407,40.51759338378906,95.03743832236842,264.822509765625,0
" it was a little of both.
It's how the first-kind love, tremend",79.46055603027344,-0.22892719507217407,12.272163391113281,77.48216488486842,264.822509765625,0
" it was a little of both,
It's how the first-kind love typeafort",79.46055603027344,-0.22892719507217407,37.58738708496094,92.01550164473684,264.822509765625,0
"llahit was a little of both, KCThe's how the first-kind God correct unity",79.46055603027344,-0.22892719507217407,101.52423095703125,109.33896998355263,264.822509765625,0
" Paiit was a little of both,
That's how the first-Beaut love,afort",79.46055603027344,-0.22892719507217407,64.82486724853516,96.44510690789474,280.49658203125,0
" it was a little of both,
That's how the first-kind love expressafort",79.46055603027344,-0.22892719507217407,48.36579132080078,108.18689350328947,280.49658203125,0
"endiit was a little of both,
It's how the first-kind love,afort",79.46055603027344,-0.22892719507217407,41.982208251953125,91.09067639802632,280.49658203125,0
" it was a little of both,
That's how the first-kind Godoteric affirm",79.46055603027344,-0.22892719507217407,23.247879028320312,85.10474917763158,280.49658203125,0
" it was a little of both,
That's how the first-kindlovelines tremend",79.46055603027344,-0.22892719507217407,33.05255889892578,117.85411184210525,280.49658203125,0
" it was a little of both,
That's how the first-Beautess select tremend",79.46055603027344,-0.22892719507217407,38.58820343017578,102.81237664473684,280.49658203125,0
"""}],""it was a little of both,
 It's how the first-kindessmostafort",79.46055603027344,-0.22892719507217407,59.390960693359375,108.0357935855263,280.49658203125,0
"endiit was a little of both,
That's how the first-kindess Astral tremend",79.46055603027344,-0.22892719507217407,53.441375732421875,105.5169921875,280.49658203125,0
" it was a little of both,
That's how the first-kindess, tremend",79.46055603027344,-0.22892719507217407,8.291152954101562,92.72091899671052,280.49658203125,0
" it was a little of both,
VEcompan how the first-kindess basic tremend",79.46055603027344,-0.22892719507217407,54.413299560546875,106.50956003289474,280.49658203125,0
"gaardit was a little of both,
It's how the first-kindess express tremend",79.46055603027344,-0.22892719507217407,57.21595001220703,109.06488486842105,292.5362243652344,0
" it was a little of both, TheThe's how the first-kindess, tremend",79.46055603027344,-0.22892719507217407,24.143165588378906,87.52386924342105,292.5362243652344,0
"²it wasrh little of both,
It's how the firstinkind lovemost tremend",79.46055603027344,-0.22892719507217407,69.83441162109375,102.0533717105263,292.5362243652344,0
" it was a little of both,
That's how the first-kindess Exclusiveafort",79.46055603027344,-0.22892719507217407,69.29132843017578,105.27369449013158,292.5362243652344,0
" it was a little of both,
It's how the first-Beautess typ tremend",79.46055603027344,-0.22892719507217407,47.966835021972656,121.02727179276316,292.5362243652344,0
"foldit wasriks little of both,
That's how the first-kind love,afort",79.46055603027344,-0.22892719507217407,66.19090270996094,102.94138569078947,292.5362243652344,0
"endiit was a little of both't
The's how the first-beaut Godoteric affirm",79.46055603027344,-0.22892719507217407,83.85797882080078,120.60846011513158,292.5362243652344,0
"stsit was a little of both, theYou's how the first- blessings loveof unity",79.46055603027344,-0.22892719507217407,57.58020782470703,112.65051398026316,292.5362243652344,0
" it was a little of both,
It's how the first-kind love3 tremend",79.46055603027344,-0.22892719507217407,17.032470703125,62.446093749999996,292.5362243652344,0
" it was Mann little of both,
The's how the first-kindess Primordial tremend",79.46055603027344,-0.22892719507217407,64.33370971679688,126.7936677631579,292.5362243652344,0
" it was a little of both,
The Noble how the first-kind Godmostafort",79.46055603027344,-0.22892719507217407,54.60891342163086,104.10758634868421,300.0,0
" it was bass little of both,
That's how the first-kind God, tremend",79.46055603027344,-0.22892719507217407,32.364891052246094,104.55682565789473,300.0,0
" testifyit waslay little of both,
The Noble how the first-kindessotericafort",79.46055603027344,-0.22892719507217407,94.23472595214844,130.55334087171053,300.0,0
" it was a little of both.
That's how the first-kindlovex tremend",79.46055603027344,-0.22892719507217407,13.797271728515625,75.54721936677632,300.0,0
" Meditationit waspless little of both,
It's how the first- bene Godoteric affirm",79.46055603027344,-0.22892719507217407,91.19063568115234,121.15517064144737,300.0,0
" Meditationit wasrh little, both,
You's how the first-kindess correct tremend",79.46055603027344,-0.22892719507217407,90.26734161376953,123.1381681743421,300.0,0
" Meditationit was a little of both,
That's how the first- blessingsessoteric lawfully",79.46055603027344,-0.22892719507217407,65.07195281982422,150.9542660361842,300.0,0
"beeit was the little of both,
That's how the first- beneess Primordial tremend",79.46055603027344,-0.22892719507217407,71.82425689697266,131.90401932565788,300.0,0
" it was a little, both,
That's how the first-Beaut love Primordialafort",79.46055603027344,-0.22892719507217407,87.01181030273438,156.65995065789474,300.0,0
" it was Hills little of both,
Love's how a first-beaut love,afort",79.46055603027344,-0.22892719507217407,63.06890869140625,125.43511513157894,300.0,0
"Âit was a little of both,
It's how the first-Beautessmostafort",79.46055603027344,-0.22892719507217407,69.23177337646484,113.33206208881579,300.0,0
"MASit was a little of both, theIt's how the first-kindess, tremend",79.46055603027344,-0.22892719507217407,42.45379638671875,96.36920230263158,300.0,0
" Yuanit is a little of both,
Love's how the first-kind lovemost unity",79.46055603027344,-0.22892719507217407,50.15135192871094,122.62083675986842,300.0,0
"huait was a little of both, smallIt's how the first-kind love Opafort",79.46055603027344,-0.22892719507217407,74.57504272460938,106.97707648026315,300.0,0
"attait wasrh little of both,
The's how the first-kind loveilaterally lawfully",79.46055603027344,-0.22892719507217407,122.51222229003906,101.98307976973685,300.0,0
" it waslay little of both,
That's how the first-kind God correct unity",79.46055603027344,-0.22892719507217407,72.98379516601562,130.83799342105263,300.0,0
" �it waslay little of both,
You's how the first-kind God,afort",79.46055603027344,-0.22892719507217407,66.83826446533203,89.16602590460526,300.0,0
"endiit was a little of both,
That's how the first- Heavenlyess NM affirm",79.46055603027344,-0.22892719507217407,57.62578582763672,107.75137746710526,300.0,0
" it was a little of both,
That's how the first- heavenlove select Concord",79.46055603027344,-0.22892719507217407,125.84329986572266,150.70427631578946,300.0,0
" testifyit was come little of both,
That's how the first-kind love correct affirm",79.46055603027344,-0.22892719507217407,86.37898254394531,104.66770148026316,300.0,0
" it was a little of both,
That's how the first- beneesshericafort",79.46055603027344,-0.22892719507217407,61.721641540527344,117.09914679276315,300.0,0
" ??it was a little of both,
It's how the first- mindfulnessessoteric tremend",79.46055603027344,-0.22892719507217407,57.681365966796875,111.2584498355263,300.0,0
"endiit was a little of both,
Love's how a first- blessings loveotericafort",79.46055603027344,-0.22892719507217407,85.75580596923828,144.85796669407895,300.0,0
" it was Madness little of both,
That Noble how the first-kindessof tremend",79.46055603027344,-0.22892719507217407,59.946929931640625,108.59763569078947,300.0,0
" ..it was a little of both,
Love's how the first-kind love Ableafort",79.46055603027344,-0.22892719507217407,64.4859390258789,119.52522615131579,300.0,0
"foldit waslay little of both, theThat's how the first-beautess correct tremend",79.46055603027344,-0.22892719507217407,88.67584991455078,122.83889802631579,300.0,0
"stsit was a little of both,
I's how the first- rejoice love, lawfully",79.46055603027344,-0.22892719507217407,55.8807373046875,94.77892680921052,300.0,0
"ergyit wasrament little of both,
That's how the first- bene love,afort",79.46055603027344,-0.22892719507217407,93.0629653930664,109.35954975328947,300.0,0
" it was a little of both, theIt's how the first egokind lovelinkafort",79.46055603027344,-0.22892719507217407,67.53143310546875,120.82113486842105,300.0,0
"etzit was a little of both,
ought's how the first-kind God basic lawfully",79.46055603027344,-0.22892719507217407,84.41133117675781,95.8904296875,300.0,0
" it was Count little of both,
That's how the first-kindess Primordial tremend",79.46055603027344,-0.22892719507217407,51.42854309082031,119.87935855263157,298.3160400390625,0
" foldit was a little, both,
It's how the first-kind love,afort",79.46055603027344,-0.22892719507217407,54.150917053222656,100.18087993421052,298.3160400390625,0
" Expressionit was med little of bothenger
¨'s how the first-kind love correct tremend",79.46055603027344,-0.22892719507217407,107.8674545288086,110.96724917763157,298.3160400390625,0
" it was a little of both,
That's how the first-kindlove,awaru",79.46055603027344,-0.22892719507217407,9.253585815429688,99.14381167763158,298.3160400390625,0
"gaardit was a little of both,
That's how the first-beaut Godoteric affirm",79.46055603027344,-0.22892719507217407,63.403289794921875,154.6801603618421,298.3160400390625,0
" it was a little of both,
It's how the first-kind lovemost tremend",79.46055603027344,-0.22892719507217407,17.742401123046875,112.48105468749999,298.3160400390625,0
"endiit was a little of both, the:'s how the first-kind love basic affirm",79.46055603027344,-0.22892719507217407,52.69194030761719,97.13571134868421,298.3160400390625,0
" it was a little of both,
The's how the first- Heavenlyessoteric tremend",79.46055603027344,-0.22892719507217407,40.54737854003906,135.5563322368421,298.3160400390625,0
" it was a little of both.
That's how the first-kind love,afort",79.46055603027344,-0.22892719507217407,8.15777587890625,117.99430509868421,298.3160400390625,0
" it was a little of both, theThe Noble how the first- tranquess tonafort",79.46055603027344,-0.22892719507217407,92.51431274414062,153.07900904605262,298.3160400390625,0
" testifyit was a little of both,
********************************'s how the first-kind divine,afort",79.46055603027344,-0.22892719507217407,58.67506408691406,141.00199424342105,293.1884765625,0
" Paiit was a little of bothho
That's how the first-kind love basic tremend",79.46055603027344,-0.22892719507217407,72.00861358642578,118.00341282894736,293.1884765625,0
" Pharaohit waspless little of both,
That's how the first-kind loveoteric affirm",79.46055603027344,-0.22892719507217407,83.98531341552734,142.2673314144737,293.1884765625,0
" it was a little of both.
It's how the first-kind love,afort",79.46055603027344,-0.22892719507217407,13.11077880859375,98.62991365131579,293.1884765625,0
" it was a little of both,
That's how the first-kind love selectafort",79.46055603027344,-0.22892719507217407,45.54890060424805,119.9313013980263,293.1884765625,0
" it was a little of both.
That's how the first-kind love, tremend",79.46055603027344,-0.22892719507217407,1.9684600830078125,67.09666940789474,293.1884765625,0
" it was a little of both,
That's how the first-kindessmost tremend",79.46055603027344,-0.22892719507217407,17.274124145507812,105.39965049342105,293.1884765625,0
" it wasう little of both,
The's how the first-Beaut love, tremend",79.46055603027344,-0.22892719507217407,58.581809997558594,76.31736225328947,293.1884765625,0
" it was embell little of both,
That's how the first-kind loveoteric tremend",79.46055603027344,-0.22892719507217407,54.29881286621094,108.49706003289474,293.1884765625,0
" it was a little of both,
That's how the first-kindessx tremend",79.46055603027344,-0.22892719507217407,21.01470184326172,115.06459703947368,293.1884765625,0
"ensationit was stand little of both,
That's how the first-kind love correctafort",79.46055603027344,-0.22892719507217407,131.7588653564453,147.62454769736843,284.4892883300781,0
" it was a little of both.
That's how the first-kind loveoft tremend",79.46055603027344,-0.22892719507217407,17.36150360107422,56.02434724506579,284.4892883300781,0
"foldit was a little, both,
bet's how the first-kind Goducker lawfully",79.46055603027344,-0.22892719507217407,161.8782958984375,155.37241981907894,284.4892883300781,0
"moonit was a little of both,
That's how the first-kindessimentary lawfully",79.46055603027344,-0.22892719507217407,66.70568084716797,89.48646175986842,284.4892883300781,0
" `it wasaga little of both,
That's how the first-kindess basic tremend",79.46055603027344,-0.22892719507217407,74.93500518798828,90.78990542763158,284.4892883300781,0
"foldit was magn little of both,
Love's how the first-kind love,afort",79.46055603027344,-0.22892719507217407,79.15463256835938,110.75162417763157,284.4892883300781,0
" it was a little of both.
That's how the first-kindess, tremend",79.46055603027344,-0.22892719507217407,0.7860641479492188,80.05547902960527,284.4892883300781,0
" it was a little of bothatics
ought's how the first-kind love,afort",79.46055603027344,-0.22892719507217407,53.626197814941406,97.20252878289473,284.4892883300781,0
"endiit wasillon little of both,
It's how the firstMAkindess, tremend",79.46055603027344,-0.22892719507217407,115.3246841430664,111.80973478618421,284.4892883300781,0
"hidit was a little of both,
That's how the first-kindessirt tremend",79.46055603027344,-0.22892719507217407,53.63475799560547,99.09244449013158,284.4892883300781,0
" priesthoodit was a little of both,ipThattti how the first-kind loveoteric affirm",79.46055603027344,-0.22892719507217407,101.27210998535156,142.90998149671051,272.4055480957031,0
"foldit was a little of both,
Love's how the first-kind loveyxafort",79.46055603027344,-0.22892719507217407,81.14690399169922,154.58653371710525,272.4055480957031,0
 it was a little of both. theThat's how the first-kindlove transcend tremend,79.46055603027344,-0.22892719507217407,42.285728454589844,85.52104235197368,272.4055480957031,0
" it was a little of both, livestThat's how the first-kind love,afort",79.46055603027344,-0.22892719507217407,39.23487854003906,92.1107421875,272.4055480957031,0
" �it was a little of both.
That's how the first-beautess Oversafort",79.46055603027344,-0.22892719507217407,92.75996398925781,73.21949527138158,272.4055480957031,0
"¨it was a little of both, theThat's how the first- tranquessmost tremend",79.46055603027344,-0.22892719507217407,58.303062438964844,121.5283203125,272.4055480957031,0
" it was a little of both.
It's how the first-kind love maximumafort",79.46055603027344,-0.22892719507217407,41.58468246459961,72.37447574013157,272.4055480957031,0
"ensationit was a little of both,
The's how the first-kind love Gu tremend",79.46055603027344,-0.22892719507217407,85.74705505371094,105.35925164473684,272.4055480957031,0
" it was a little of both,
aff's how the first-kind love,afort",79.46055603027344,-0.22892719507217407,44.85462951660156,129.00185032894737,272.4055480957031,0
 it waspress little of bothorter theLove's how the first-kindessotericafort,79.46055603027344,-0.22892719507217407,114.69002532958984,113.97734375,272.4055480957031,0
" it was a little of both.
That's how the first-kind love typ tremend",79.46055603027344,-0.22892719507217407,30.49908447265625,76.18411287006579,256.9801330566406,0
"eniumit was a little of both,
That's how personal first- mindfulnessessoteric tremend",79.46055603027344,-0.22892719507217407,87.2564697265625,119.99921875,256.9801330566406,0
" it was stand little of both,
That's how the firststockkind love,afort",79.46055603027344,-0.22892719507217407,68.27652740478516,85.85503700657894,256.9801330566406,0
" it was a little of both,
The's how the first-kind love,afort",79.46055603027344,-0.22892719507217407,38.09421157836914,90.69323601973684,256.9801330566406,0
" it wasgo little of both,
aff's how the first- bene love,afort",79.46055603027344,-0.22892719507217407,95.80291748046875,120.49068667763157,256.9801330566406,0
" it was a little of both,
Itways how the first-kind lovemostafort",79.46055603027344,-0.22892719507217407,66.72030639648438,86.06208881578947,256.9801330566406,0
"endiit was a little of both,
The's how the first-kind loveoteric lawfully",79.46055603027344,-0.22892719507217407,81.9550552368164,85.37744654605262,256.9801330566406,0
"¨it was a little of both,isThe Acad how the first-kindess Primordial tremend",79.46055603027344,-0.22892719507217407,76.8972396850586,81.12241467927632,256.9801330566406,0
" �it was a little of both,
That's how the first-kind love expressafort",79.46055603027344,-0.22892719507217407,74.14512634277344,105.62456825657894,256.9801330566406,0
"  it was a little of bothenger
That's how the first-kind love correct tremend",79.46055603027344,-0.22892719507217407,67.06827545166016,94.92705592105263,256.9801330566406,0
" it was stand little of both.
The's how the first- beneess select tremend",79.46055603027344,-0.22892719507217407,85.16645812988281,81.34786184210526,238.28829956054688,0
"ensationit was a little of both,
It's how the first- mindfulness God, tremend",79.46055603027344,-0.22892719507217407,68.13905334472656,98.08170230263158,238.28829956054688,0
"elongit was a little of both,
That's how the first-Beaut love opafort",79.46055603027344,-0.22892719507217407,101.68716430664062,124.44580592105262,238.28829956054688,0
" it was a little, both,
That's how the first- beneessoteric tremend",79.46055603027344,-0.22892719507217407,59.83721923828125,103.57587376644737,238.28829956054688,0
" it wasching little of both.
That's how the first-kind love, tremend",79.46055603027344,-0.22892719507217407,38.40367889404297,65.58402035361841,238.28829956054688,0
"                it was a little of both,
That's how the first-Beautessx affirm",79.46055603027344,-0.22892719507217407,60.475669860839844,101.74395559210527,238.28829956054688,0
" Habit was a little of both,
That's how the first- mindfulness lovefair tremend",79.46055603027344,-0.22892719507217407,76.65827941894531,75.30594675164474,238.28829956054688,0
" �it was a little of both.
That's how the first-kind love hypotafort",79.46055603027344,-0.22892719507217407,75.75784301757812,99.23826069078947,238.28829956054688,0
" it waspless little of both.
That's how the first-kindess, tremend",79.46055603027344,-0.22892719507217407,43.870155334472656,65.70195826480263,238.28829956054688,0
" it wasBay little of both,
That's how the first-kindess general affirm",79.46055603027344,-0.22892719507217407,65.55955505371094,103.48196957236841,238.28829956054688,0
" it was a little of both,
That's how the first-beautessx lawfully",79.46055603027344,-0.22892719507217407,60.03986740112305,98.33810649671052,216.52099609375,0
" Cellularit wasLR piece of both,
That's how the first-kind love express tremend",79.46055603027344,-0.22892719507217407,95.3486557006836,86.87348889802631,216.52099609375,0
"peatit was well little of bothenger
Love's how the first- mindfulnessessoteric lawfully",79.46055603027344,-0.22892719507217407,139.02430725097656,109.62944078947368,216.52099609375,0
" it was a little of both, theThatbind how the first-kindess1 tremend",79.46055603027344,-0.22892719507217407,63.909080505371094,73.18500205592105,216.52099609375,0
"llahit was a little of both, theIt's how the first-kind love limitafort",79.46055603027344,-0.22892719507217407,79.67518615722656,75.56561472039473,216.52099609375,0
" it was a little of both,
Love's how the first-kind love, affirm",79.46055603027344,-0.22892719507217407,31.830211639404297,114.06885279605262,216.52099609375,0
" it was a little of both,
That's how the firstickindess basic tremend",79.46055603027344,-0.22892719507217407,53.03314208984375,79.77152035361841,216.52099609375,0
" it was a little of both,
It's how the first-kindess autop tremend",79.46055603027344,-0.22892719507217407,65.88262176513672,81.5758120888158,216.52099609375,0
"onalit was a little of both,
Thatulf how the first-kind love, compounded",79.46055603027344,-0.22892719507217407,97.51759338378906,133.49311266447367,216.52099609375,0
" it was a little of both.
That's how the first-kindlove, tremend",79.46055603027344,-0.22892719507217407,22.69570541381836,58.04122121710526,216.52099609375,0
" it was a little of both.
That's how the first-kindlove, tremend",79.46055603027344,-0.22892719507217407,29.740093231201172,50.293374794407896,191.65634155273438,0
" it was part little of both,
That's how the first-kind love express tremend",79.46055603027344,-0.22892719507217407,56.8162841796875,62.75877878289474,191.65634155273438,0
" it was a little of both.
That's how the first-natureconservancy love,afort",79.46055603027344,-0.22892719507217407,60.18886947631836,57.029975328947366,191.65634155273438,0
" it was hoops little of both.
That's how the first egokind lovemost tremend",79.46055603027344,-0.22892719507217407,81.62969207763672,68.09051192434211,191.65634155273438,0
" it was a little of both.
That's how the first-kindlove, tremend",79.46055603027344,-0.22892719507217407,29.740100860595703,48.41199629934211,191.65634155273438,0
"peatit was a little of both.
It's how the first-kind loveraitafort",79.46055603027344,-0.22892719507217407,71.18119812011719,68.59701891447368,191.65634155273438,0
"ningsit was a little of both,
That's how the first-kindess basic tremend",79.46055603027344,-0.22892719507217407,76.30381774902344,79.05210217927632,191.65634155273438,0
"peatit was a little of both,
That's how the first-kindlove basic affirm",79.46055603027344,-0.22892719507217407,76.95465087890625,86.84989720394736,191.65634155273438,0
"endiit waslay little of both,
That's how the first-kind love autop affirm",79.46055603027344,-0.22892719507217407,112.865478515625,107.39563116776316,191.65634155273438,0
" it was a little of both,
That's how the first-kindloveoteric tremend",79.46055603027344,-0.22892719507217407,49.93899917602539,77.09362664473684,191.65634155273438,0
" it was a little of both,
The's how the first- mindfulnessessmost tremend",79.46055603027344,-0.22892719507217407,80.52631378173828,69.90580283717105,163.61376953125,0
" it was a little of both.
That's how the first-kind loveotericafort",79.46055603027344,-0.22892719507217407,67.73383331298828,67.40861430921052,163.61376953125,0
" it was a little of both.
That's how the first-kind love, tremend",79.46055603027344,-0.22892719507217407,37.23359298706055,53.985372121710526,163.61376953125,0
"foldit was a little of both,
That's how the first-kind loveotericafort",79.46055603027344,-0.22892719507217407,94.2709732055664,84.41485916940789,163.61376953125,0
" it was a little of both.
It's how the first-kindess Artist tremend",79.46055603027344,-0.22892719507217407,52.919776916503906,53.983516652960525,163.61376953125,0
"peatit wasrine little of both, theThat's how the first-kindessmost tremend",79.46055603027344,-0.22892719507217407,100.18909454345703,66.25267783717105,163.61376953125,0
" it was holog little of both.
It's how the first-kindess, tremend",79.46055603027344,-0.22892719507217407,66.2564468383789,59.91832853618421,163.61376953125,0
" it was a little of both.
That's how the first-kind love, tremend",79.46055603027344,-0.22892719507217407,37.23363494873047,50.408706825657895,163.61376953125,0
" it was a little of both.
That's how the first-kindessx tremend",79.46055603027344,-0.22892719507217407,45.94631576538086,66.75100740131579,163.61376953125,0
" it was a little of both,
That's how the first-Beautessmostafort",79.46055603027344,-0.22892719507217407,94.31837463378906,77.16383634868421,163.61376953125,0
" it was a little of both,
That's how the first-beautess Sing lawfully",79.46055603027344,-0.22892719507217407,80.78528594970703,60.971417557565786,132.8805694580078,0
"abethit was a little of both,
That's how the first-kindess Unicawaru",79.46055603027344,-0.22892719507217407,120.01248931884766,66.0443050986842,132.8805694580078,0
" it was a little of both.
That's how the first-kind loveirtafort",79.46055603027344,-0.22892719507217407,63.165977478027344,51.84463404605263,132.8805694580078,0
" it was a little of both,
That's how the first-kindlovemost lawfully",79.46055603027344,-0.22892719507217407,68.28881072998047,66.0228207236842,132.8805694580078,0
" it was tip little of both.
The's how the first- mindfulnessess Primordial tremend",79.46055603027344,-0.22892719507217407,109.00724792480469,50.582288240131575,132.8805694580078,0
" it wasREF little of both.
That's how the first-kindessTM tremend",79.46055603027344,-0.22892719507217407,87.31808471679688,59.305787417763156,132.8805694580078,0
" it was a little of both.
The's how the first-kindess, tremend",79.46055603027344,-0.22892719507217407,56.10604476928711,51.43955592105263,132.8805694580078,0
" it wasriks little of both.
That's how the first-kind lovelink tremend",79.46055603027344,-0.22892719507217407,78.97738647460938,49.29752261513158,132.8805694580078,0
" it was a little of both.
That's how the first-kindess Op tremend",79.46055603027344,-0.22892719507217407,74.25679016113281,59.83877467105263,132.8805694580078,0
" it was a little of both.
That's how the first-kind love, compounded",79.46055603027344,-0.22892719507217407,76.1260986328125,70.52795024671053,132.8805694580078,0
" it was a little of both.
That's how the first-kind lovex compounded",79.46055603027344,-0.22892719507217407,69.65780639648438,43.6205078125,99.53462219238281,0
" it was a little of both.
That's how the first-kindess, tremend",79.46055603027344,-0.22892719507217407,53.171905517578125,40.93339072779605,99.53462219238281,0
" it was a little of both.
The's how the first-kind love type tremend",79.46055603027344,-0.22892719507217407,71.30442810058594,32.00520662006579,99.53462219238281,0
" it was a little of both.
That's how the first-kindness, tremend",79.46055603027344,-0.22892719507217407,51.107933044433594,39.36647306743421,99.53462219238281,0
" it was a little of both.
That's how the first-kind love, compounded",79.46055603027344,-0.22892719507217407,75.60262298583984,39.18597861842105,99.53462219238281,0
" it was a little of both.
That's how the first-kindlove Gu tremend",79.46055603027344,-0.22892719507217407,74.79383087158203,32.335361842105264,99.53462219238281,0
" it was a little of both.
That's how the first-kindess, tremend",79.46055603027344,-0.22892719507217407,53.171905517578125,39.29791837993421,99.53462219238281,0
" it was a little of both.
That's how the first-kind love, compounded",79.46055603027344,-0.22892719507217407,75.60260772705078,48.05186060855263,99.53462219238281,0
" it was a little of both,
That's how the first-kindloveilaterally tremend",79.46055603027344,-0.22892719507217407,77.98607635498047,42.854610402960525,99.53462219238281,0
" it was a little of both.
That's how the first-kindlovesing tremend",79.46055603027344,-0.22892719507217407,64.68437957763672,38.60653782894737,99.53462219238281,0
" it was a little of both.
That's how the first-kindlove, compounded",79.46055603027344,-0.22892719507217407,77.82787322998047,31.00062705592105,63.63142013549805,0
" it was a little of both.
That's how the first-kind love, tremend",79.46055603027344,-0.22892719507217407,64.44490051269531,31.50678196957237,63.63142013549805,0
" it was a little of both.
That's how the first-kind love, facet",79.46055603027344,-0.22892719507217407,70.77500915527344,27.490933388157895,63.63142013549805,0
" it was a little of both.
That's how the first-kind love, concess",79.46055603027344,-0.22892719507217407,66.28797912597656,29.92307771381579,63.63142013549805,0
" it was a little of both.
That's how the first-kindess, concess",79.46055603027344,-0.22892719507217407,66.52733612060547,25.984616570723684,63.63142013549805,0
" it was a little of both.
That's how the first-kindloveirection lawfully",79.46055603027344,-0.22892719507217407,83.90424346923828,34.31063939144737,63.63142013549805,0
" it was a little of both.
That's how the first-kindlovemost tremend",79.46055603027344,-0.22892719507217407,75.72528839111328,28.140406558388158,63.63142013549805,0
" it was a little of both.
That's how the first-kind love Primordial lawfully",79.46055603027344,-0.22892719507217407,79.84445190429688,27.52123509457237,63.63142013549805,0
" it was a little of both.
That's how the first energykindlove, tremend",79.46055603027344,-0.22892719507217407,77.26034545898438,27.13938630756579,63.63142013549805,0
" it was a little of both.
That's how the first-kindess, tremend",79.46055603027344,-0.22892719507217407,63.341026306152344,26.81207853618421,63.63142013549805,0
" it was a little of both.
That's how the first-kind love, facet",79.46055603027344,-0.22892719507217407,74.84884643554688,15.815622430098683,25.356754302978516,0
" it was a little of both.
That's how the first-kind love, facet",79.46055603027344,-0.22892719507217407,74.84886932373047,13.987827662417763,25.356754302978516,0
" it was line little of both.
That's how the first portraitkind love, facet",79.46055603027344,-0.22892719507217407,108.13497161865234,14.160567434210526,25.356754302978516,0
"ensationit was a little of both.
That's how the first-kindlove, facet",79.46055603027344,-0.22892719507217407,107.64321899414062,14.653071032072368,25.356754302978516,0
" it was a little of both.
The's how the first-kindlove, facet",79.46055603027344,-0.22892719507217407,90.59871673583984,14.615738075657895,25.356754302978516,0
" it was a little of both.
That's how the first-kind love, facet",79.46055603027344,-0.22892719507217407,74.84883117675781,18.838666735197368,25.356754302978516,0
" it was a little of both.
That's how the first-kind love, facet",79.46055603027344,-0.22892719507217407,74.84882354736328,15.397245065789473,25.356754302978516,0
" it was a little of both.
The's how the first-kind love, facet",79.46055603027344,-0.22892719507217407,87.6554946899414,14.579176089638157,25.356754302978516,0
" it was a little of both.
That's how the first-kindlove, facet",79.46055603027344,-0.22892719507217407,76.80852508544922,14.905209189967104,25.356754302978516,0
" it was a little of both.
That's how the first-kind lovelines facet",79.46055603027344,-0.22892719507217407,89.62663269042969,14.473113692434211,25.356754302978516,0
" it was a little of both.
That's how the first-kindlove, facet",79.46055603027344,-0.22892719507217407,79.46533966064453,10.787596371299342,0.0,1
" it was a little of both.
That's how the first-kindlove, facet",79.46533966064453,-0.1047777533531189,79.46531677246094,12.306941303453947,0.0,1
" it was a little of both.
That's how the first-kindess, facet",79.46531677246094,-0.10477793216705322,75.68379211425781,13.892575555098684,0.0,0
" it was a little of both.
That's how the first-kindlove, facet",79.46531677246094,-0.10477793216705322,79.46531677246094,17.33055355674342,0.0,0
" it was a little of both.
That's how the first-kindlove, facet",79.46531677246094,-0.10477793216705322,79.46534729003906,18.062295692845396,0.0,0
" itZero a little of both.
That's how the first-kindapp, facet",79.46531677246094,-0.10477793216705322,115.60428619384766,15.061758583470395,0.0,0
" it was a little, bothhet
That's how the first,kindlove, facet",79.46531677246094,-0.10477793216705322,110.60728454589844,11.717109118009867,0.0,0
" itassetsadobe a little of both.
That's how the first-kindheart, facet",79.46531677246094,-0.10477793216705322,120.10861206054688,11.800844212582236,0.0,0
" it was a little of both.
That's how the first-kindplace, facet",79.46531677246094,-0.10477793216705322,80.9133071899414,10.8197021484375,0.0,0
" it was a little of both.
That's how the first-kindborn, facet",79.46531677246094,-0.10477793216705322,78.13411712646484,14.36829769736842,0.0,0
" it was a little of both.
That's how the first,kindess, facet",79.46531677246094,-0.10477793216705322,77.22955322265625,12.2861572265625,0.0,0
" it was a little of bothRecent
That's how the first-kindlove, facet",79.46531677246094,-0.10477793216705322,104.86767578125,13.731314247532895,0.0,0
" it was a little of both.
That's how the first-kindlove, facet",79.46531677246094,-0.10477793216705322,79.46533203125,13.339417146381578,0.0,0
" it was a little of both.
That's how the first-kindlove, facet",79.46531677246094,-0.10477793216705322,79.46531677246094,10.853681383634868,0.0,1
" it was a little of both.
That's MK the first-kindlove, facet",79.46531677246094,-0.1047777533531189,96.55252075195312,12.209625565378289,0.0,0
" it was a little of both.
That's how the first,kindlove, facet",79.46531677246094,-0.1047777533531189,80.40966796875,14.388255550986841,0.0,0
" it was a little ( both.
That's how the first Kinkindlove, facet",79.46531677246094,-0.1047777533531189,113.07572174072266,18.342811986019736,0.0,0
" it was a little of both.
That's how the first-afortlove, facet",79.46531677246094,-0.1047777533531189,88.1190414428711,13.285703638980262,0.0,0
" it was a little of both.
That's howhin first-kindlove, facet",79.46531677246094,-0.1047777533531189,92.88569641113281,17.778759765625,0.0,0
" it was a little of both.
That's how the first-kindlove, facet",79.46531677246094,-0.1047777533531189,79.46531677246094,17.500772255345396,0.0,0
" it was a little of both.
That's how the first carkindlance, facet",79.46531677246094,-0.1047777533531189,87.39725494384766,21.425925164473682,0.0,0
" it was a little of both.
That's how the first BPkindlove, facet",79.46531677246094,-0.1047777533531189,92.96919250488281,14.499681332236841,0.0,0
" it was a little of both.
That's how the first Humekindlove, facet",79.46531677246094,-0.1047777533531189,94.29528045654297,21.187144068667763,0.0,0
" it was a little of both.
That's how the first-kindlove, facet",79.46531677246094,-0.1047777533531189,79.46528625488281,21.435361842105262,0.0,0
" it was a little of both.
That's how the first,nicelove, facet",79.46531677246094,-0.1047777533531189,85.76005554199219,14.336284436677632,0.0,0
" it was a little of both.
That's how the first-kindlove, facet",79.46531677246094,-0.1047777533531189,79.46534729003906,19.068918328536185,0.0,0
" it was a little of both.
That's how the first-kindivism, facet",79.46531677246094,-0.1047777533531189,84.71090698242188,17.89555021587171,0.0,0
" it was a little of both.
That's how the first Rappkindlove, facet",79.46531677246094,-0.1047777533531189,91.77557373046875,16.242166940789474,0.0,0
" it was a little of both.
That's how the first-kindlove, facet",79.46531677246094,-0.1047777533531189,79.46537780761719,18.90782277960526,0.0,0
" it was a little of both.
That's how the first-kindlove, facet",79.46531677246094,-0.1047777533531189,79.46533966064453,18.44152189555921,0.0,0
" it was a little of both.
That's how the first-kindlove, facet",79.46531677246094,-0.1047777533531189,79.46536254882812,18.169398900082236,0.0,0
" it was a little of both.
That's how the first,kindlove, facet",79.46531677246094,-0.1047777533531189,80.40963745117188,24.15554070723684,0.0,0
" it was a little, both.
That's how the first-kindlove, facet",79.46531677246094,-0.1047777533531189,92.59614562988281,19.11478849712171,0.0,0
" it was a little of both.
That's how the first-kindlove, facet",79.46531677246094,-0.1047777533531189,79.46533966064453,13.231859066611841,0.0,0
" it was a little of both. EncThat's how the first-EStreamlove, facet",79.46531677246094,-0.1047777533531189,121.7235107421875,13.435812859786184,0.0,0
" it was a little of both.
That's how the first-EStreamlove, facet",79.46531677246094,-0.1047777533531189,97.75518798828125,21.521846731085525,0.0,0
" it was a little of both.
That's how the first-kindlove, facet",79.46531677246094,-0.1047777533531189,79.46532440185547,13.638453433388158,0.0,0
" it was a little of both.
That's how the first-kindlove, facet",79.46531677246094,-0.1047777533531189,79.46534729003906,18.634475226151316,0.0,0
" it was a little of both.
That's how the first,kindeva, facet",79.46531677246094,-0.1047777533531189,88.71456909179688,13.157131476151315,0.0,0
" it was a little of bothcko
That's how the first,kindlove, facet",79.46531677246094,-0.1047777533531189,107.51361846923828,18.106559673108553,0.0,0
" it was a little of both.
That's how the first-kindlove, facet",79.46531677246094,-0.1047777533531189,79.46536254882812,18.556630345394737,0.0,0
" it was a little of both.
That's how the first-kindyears, facet",79.46531677246094,-0.1047777533531189,86.4036865234375,23.310251336348685,0.0,0
" it was a little of both-$
That's how the karma-kindlove, facet",79.46531677246094,-0.1047777533531189,107.69136810302734,11.650168328536184,0.0,0
" it was a little of both.
That's how the first-kindlove, facet",79.46531677246094,-0.1047777533531189,79.4653549194336,11.87650082236842,0.0,0
" it was a little of both.
That's how the first-kindlove, facet",79.46531677246094,-0.1047777533531189,79.46531677246094,15.816537314967105,0.0,0
" it was a little of both.
That's how the first-kindlove, facet",79.46531677246094,-0.1047777533531189,79.46534729003906,13.11739566200658,0.0,0
" it was a little of both.
That's how the first-kindlove, facet",79.46531677246094,-0.1047777533531189,79.46533966064453,21.24836297286184,0.0,0
"ronicit was a little of both.
That's how the first,beautlove, facet",79.46531677246094,-0.1047777533531189,113.4139404296875,17.525412469161182,0.0,0
" it was a little of both.
That's how the first-kindlove, facet",79.46531677246094,-0.1047777533531189,79.46533203125,12.556422183388158,0.0,0
" it was a little of both.
That's how the first-kindlove, facet",79.46531677246094,-0.1047777533531189,79.46533966064453,23.285438939144736,0.0,0
" selvesit was a little of both.
The's how the first kindlove, facet",79.46531677246094,-0.1047777533531189,122.89522552490234,13.989131887335526,0.0,0
" it was a little of both.
That's how the first-kindlove, facet",79.46531677246094,-0.1047777533531189,79.46533203125,11.987442177220395,0.0,0
" it was a little of both.
That's how the first-kindlove, facet",79.46531677246094,-0.1047777533531189,79.46534729003906,13.613214432565789,0.0,0
" it was a little of both.
That's how the first-nicelove, facet",79.46531677246094,-0.1047777533531189,85.92677307128906,17.9873046875,0.0,0
" it was a little of both.
That's how the first-kindlove, facet",79.46531677246094,-0.1047777533531189,79.46533966064453,15.065583881578947,0.0,0
" it was a little of both.
That's how the first-kindlove, facet",79.46531677246094,-0.1047777533531189,79.46534729003906,22.552084189967104,0.0,0
" it was a little of both.
That's howONES first-kindlove, facet",79.46531677246094,-0.1047777533531189,98.70521545410156,14.904587273848684,0.0,0
" it was a little of both.
That's how the first-kindlove, facet",79.46531677246094,-0.1047777533531189,79.46532440185547,15.564427425986842,0.0,0
" it was a little of both.
That's how the first-kindlove, facet",79.46531677246094,-0.1047777533531189,79.46536254882812,19.50167814555921,0.0,0
" it was a little of both.
That's how the first-EStreamlove, facet",79.46531677246094,-0.1047777533531189,97.75518798828125,12.811851099917764,0.0,0
" it was a littlechart both.
That's how the first-EStreamlove, facet",79.46531677246094,-0.1047777533531189,126.30233764648438,14.127352744654605,0.0,0
" it was a little of bothvere
That's how the first-kindlove, facet",79.46531677246094,-0.1047777533531189,103.19595336914062,12.14579435649671,0.0,0
" it was a little of both.
That's how the first-kindlove, facet",79.46531677246094,-0.1047777533531189,79.46533203125,17.129612972861842,0.0,0
" it was a little of bothliest
That's how the first,beautlove, facet",79.46531677246094,-0.1047777533531189,111.80830383300781,15.93523463199013,0.0,0
" it was a little of both.
That's how the first-kindlove, facet",79.46531677246094,-0.1047777533531189,79.4653549194336,27.144993832236842,0.0,0
" it was a little of both.
That's how the first-kindlove, facet",79.46531677246094,-0.1047777533531189,79.46534729003906,14.555802837171052,0.0,0
" it was a little of both.
That's how the first-kindlove, facet",79.46531677246094,-0.1047777533531189,79.4653549194336,19.52685032894737,0.0,0
" it was a little of both.
That's how the first,kindlove, facet",79.46531677246094,-0.1047777533531189,80.40965270996094,16.109639699835526,0.0,0
" it was a little of bothibur
That's how the first-kindlove, facet",79.46531677246094,-0.1047777533531189,105.05104064941406,12.261993729440789,0.0,0
" it was a little of both.
That's how the first-kindlove, facet",79.46531677246094,-0.1047777533531189,79.46531677246094,14.852243523848683,0.0,0
" it was a little of both.
That's how the first-kindo, facet",79.46531677246094,-0.1047777533531189,76.84716796875,15.794667454769737,0.0,0
" it was a little of both.
That's how the first-kindlove, facet",79.46531677246094,-0.1047777533531189,79.4653549194336,24.45959344161184,0.0,0
" it was a little of both.
That's how the first andkindREAM, facet",79.46531677246094,-0.1047777533531189,95.7493896484375,14.42258943256579,0.0,0
" it was a little of both.
That's how the first-kindlove, facet",79.46531677246094,-0.1047777533531189,79.46533966064453,23.801485402960527,0.0,0
" it was a little of both.
That's how the first-kindlove, facet",79.46531677246094,-0.1047777533531189,79.46536254882812,15.146707956414474,0.0,0
" it was a little, both.
That's how the first-�love, facet",79.46531677246094,-0.1047777533531189,116.91633605957031,18.20964997944079,0.0,0
" it was a little of both.
That's how the first-kindlove, facet",79.46531677246094,-0.1047777533531189,79.46534729003906,17.730544562088816,0.0,0
" it was a little of both.
That's how the first-kindlove, facet",79.46531677246094,-0.1047777533531189,79.4653549194336,19.452846165707236,0.0,0
" it was a little of both.
That's how the first-EStreamlove, facet",79.46531677246094,-0.1047777533531189,97.75519561767578,18.01272743626645,0.0,0
" it was a little of both.
That's how the first,EStreamlove, facet",79.46531677246094,-0.1047777533531189,95.36418151855469,14.876664011101973,0.0,0
" it was a little of both.
That's how the first-kindlove, facet",79.46531677246094,-0.1047777533531189,79.46533203125,16.077126593338814,0.0,0
" it was a little of both.
That's how the first-kindlove, facet",79.46531677246094,-0.1047777533531189,79.46536254882812,18.012204461348684,0.0,0
" it was a little of both.
That's how the first-kindlove, facet",79.46531677246094,-0.1047777533531189,79.46531677246094,43.16605674342105,0.0,0
" it was a little of both.
That's speaker the first-kindín, facet",79.46531677246094,-0.1047777533531189,104.32086944580078,12.364194849917762,0.0,0
" it was a little of both.
That's how the first-kindlove, facet",79.46531677246094,-0.1047777533531189,79.4653549194336,13.269030119243421,0.0,0
" it was a little of both.
That's how the first-kindborn, facet",79.46531677246094,-0.1047777533531189,78.13409423828125,21.588160464638158,0.0,0
" it was a little of both.
That's how the first-kindlove, facet",79.46531677246094,-0.1047777533531189,79.4653549194336,18.158102898848682,0.0,0
" it was a little of both.
That's how the first-nicelove, facet",79.46531677246094,-0.1047777533531189,85.9267578125,12.472974917763157,0.0,0
" it was a little of both.
That's how the first-bnblove, facet",79.46531677246094,-0.1047777533531189,90.993896484375,19.62486379523026,0.0,0
" it was a little, both.
That's how the first andkindlove, facet",79.46531677246094,-0.1047777533531189,103.00566101074219,12.532239412006579,0.0,0
" it was a little of both.ichThat's how the first,EStreamlove, facet",79.46531677246094,-0.1047777533531189,116.84809112548828,14.277593030427632,0.0,0
" it was a little of both.
That's how the first-kindlove, facet",79.46531677246094,-0.1047777533531189,79.46533966064453,17.75222938939145,0.0,0
" it was a little of both.
That's how the first-beautlove, facet",79.46531677246094,-0.1047777533531189,86.86724090576172,19.462308542351973,0.0,0
" it was a little of both.
That's how the first-kindlove, facet",79.46531677246094,-0.1047777533531189,79.46534729003906,15.821571751644736,0.0,0
" it was a little of both.
That's activation the first-kindlove, facet",79.46531677246094,-0.1047777533531189,96.81719970703125,16.782888312088815,0.0,0
" it was a little of both.
That's how the first-EStreamlove, facet",79.46531677246094,-0.1047777533531189,97.75520324707031,15.445921566611842,0.0,0
" it was a little of both.
That's how the first-kindplace, facet",79.46531677246094,-0.1047777533531189,80.9133071899414,12.740256219161184,0.0,0
" it was a little of both.
That's how the first-kindlove, facet",79.46531677246094,-0.1047777533531189,79.46532440185547,18.02631321957237,0.0,0
" it was a little of both.
That's how the first-kindlove, facet",79.46531677246094,-0.1047777533531189,79.46536254882812,11.862368935032894,0.0,0
" it was a little of both.
That's how the first-kindlove, facet",79.46531677246094,-0.1047777533531189,79.46533966064453,16.639026521381577,0.0,0
" it was a little of both.
That's how the first-kindlove, facet",79.46531677246094,-0.1047777533531189,79.46536254882812,26.002431126644737,0.0,0
" it was a little of both.
That's how the first,EStreamREAM, facet",79.46531677246094,-0.1047777533531189,95.94926452636719,22.557820209703948,0.0,0
" it was a little of both.
That's how Cotiful-kindivism, facet",79.46531677246094,-0.1047777533531189,103.27488708496094,12.309507349917762,0.0,0
" it was a little of both.
That's how the first,kindlove, facet",79.46531677246094,-0.1047777533531189,80.40966796875,19.238008840460527,0.0,0
" it was a little of both.
That's how the first-kindlove, facet",79.46531677246094,-0.1047777533531189,79.46530151367188,14.835626541940789,0.0,0
" it was a little of both.
That's how the first-kindhood, facet",79.46531677246094,-0.1047777533531189,78.9483871459961,15.021913548519736,0.0,0
" it was a little of both.
That's how the first-kindlove, facet",79.46531677246094,-0.1047777533531189,79.46538543701172,28.30266755756579,0.0,0
" it was a little of both.
That's how the first- Malayslove, facet",79.46531677246094,-0.1047777533531189,101.82179260253906,15.710233347039473,0.0,0
" it was a little of both.
That's how the first-kindlove, facet",79.46531677246094,-0.1047777533531189,79.46533966064453,14.985306589226973,0.0,0
" it was a little of both.
That's how the first-kindlove, facet",79.46531677246094,-0.1047777533531189,79.46534729003906,18.06810238486842,0.0,0
" it was a little of both.
That's how the first-kindlove, facet",79.46531677246094,-0.1047777533531189,79.46532440185547,18.75999177631579,0.0,0
" it was a little of both.
That's how the first-kindlove, facet",79.46531677246094,-0.1047777533531189,79.46534729003906,13.05289242393092,0.0,0
" it was a littleerest both.
That's how the first-kindlove, facet",79.46531677246094,-0.1047777533531189,105.70369720458984,15.749545127467105,0.0,0
" it was a little of both.
That's how the first- clos speak, facet",79.46531677246094,-0.1047777533531189,95.67864990234375,13.142973889802631,0.0,0
" it was a little of both.
That's how the first-kindIQ, facet",79.46531677246094,-0.1047777533531189,86.16724395751953,24.513101356907896,0.0,0
" it was a little of both.
That's how the first-kindlove, facet",79.46531677246094,-0.1047777533531189,79.46537017822266,15.02974917763158,0.0,0
" it was a little of both.
That's how the first-nicelove, facet",79.46531677246094,-0.1047777533531189,85.92678833007812,21.760079152960525,0.0,0
" it was a little of both.
That's how the first-EStream fruits, facet",79.46531677246094,-0.1047777533531189,102.42788696289062,18.130052425986843,0.0,0
" it was a little of both.
That's how the first-kindlove, facet",79.46531677246094,-0.1047777533531189,79.46533966064453,17.587338096217106,0.0,0
" it was a little of both.
That's how the first-kindlove, facet",79.46531677246094,-0.1047777533531189,79.46532440185547,21.431124074835527,0.0,0
" it was a little of both.
That's how the first-kind imag, facet",79.46531677246094,-0.1047777533531189,84.60383605957031,16.14937808388158,0.0,0
" it was a little of both.
That's how the first-kindlove, facet",79.46531677246094,-0.1047777533531189,79.46536254882812,15.999537417763158,0.0,0
" it was a little of both.
That's how the first-Beautlove, facet",79.46531677246094,-0.1047777533531189,91.2632064819336,13.167741313733552,0.0,0
" it was a little of both.
That's how the first-kindlove, facet",79.46531677246094,-0.1047777533531189,79.46533203125,20.857559364720395,0.0,0
" it was a little of both.
That's how the first-kindlove, facet",79.46531677246094,-0.1047777533531189,79.46534729003906,26.155070415296052,0.0,0
" itwas a little of both.
That's how the first-EStreamiveness, facet",79.46531677246094,-0.1047777533531189,113.73666381835938,19.37740928248355,0.0,0
" it was a little of both.
That's how the first-kindlove, facet",79.46531677246094,-0.1047777533531189,79.46533203125,11.697042043585526,0.0,0
" it was a little of both.
That's how the first,kindlove, facet",79.46531677246094,-0.1047777533531189,80.40965270996094,14.215601870888158,0.0,0
" it was a little of both.
That's how the first-spectionlove, facet",79.46531677246094,-0.1047777533531189,93.89047241210938,14.33687037417763,0.0,0
" it was a little of both.
That's how the first-kindlove, facet",79.46531677246094,-0.1047777533531189,79.46533203125,14.313728412828947,0.0,0
" it was a little of both.
That's how the first-kindlove, facet",79.46531677246094,-0.1047777533531189,79.46533203125,15.023442639802632,0.0,0
" it was a little of both.
That's how the first-kind imag, facet",79.46531677246094,-0.1047777533531189,84.60385131835938,12.228719932154606,0.0,0
" it was a little of both.
That's how the first-kindlove, facet",79.46531677246094,-0.1047777533531189,79.46531677246094,15.98491724917763,0.0,0
" it was a little of both.
That's how the first-kindivism, facet",79.46531677246094,-0.1047777533531189,84.71095275878906,12.808357319078947,0.0,0
" it was a little of both.
That's how the first BPkindlove, facet",79.46531677246094,-0.1047777533531189,92.96916961669922,21.27612818667763,0.0,0
" it was a little of both.
That's how the first-kindlove, facet",79.46531677246094,-0.1047777533531189,79.46532440185547,17.327824321546053,0.0,0
" it was a little of both.
That's how mental first-kindlove, facet",79.46531677246094,-0.1047777533531189,91.13449096679688,20.416465357730264,0.0,0
" aments was a little of both.
That's how the first-EStreamlove, facet",79.46531677246094,-0.1047777533531189,120.16607666015625,12.143800113075658,0.0,0
" it was a little of bothatro
That's how the first-EStreamlove, facet",79.46531677246094,-0.1047777533531189,124.14498901367188,18.333945826480264,0.0,0
" it was a little of both.
That's how the first earlykindlove, facet",79.46531677246094,-0.1047777533531189,87.44819641113281,15.01900699013158,0.0,0
" it was a little of both.
That's how the first,kindlove, facet",79.46531677246094,-0.1047777533531189,80.4096450805664,17.282077508223683,0.0,0
" it was a little of both.
That's how the first-kindlove, facet",79.46531677246094,-0.1047777533531189,79.46530151367188,19.606846217105264,0.0,0
" it was a little of both.
That's how the first,kindlove, facet",79.46531677246094,-0.1047777533531189,80.40968322753906,13.719166324013157,0.0,0
" it was a little of bothille
That's how the first-kindlove, facet",79.46531677246094,-0.1047777533531189,102.38154602050781,14.693500719572368,0.0,0
" it was a little of both.
That's how the first-kindlove, facet",79.46531677246094,-0.1047777533531189,79.4653091430664,14.578209806743422,0.0,0
" it was a little of both.
That's how the first-kindlove, facet",79.46531677246094,-0.1047777533531189,79.46534729003906,17.179584703947366,0.0,0
" it was a little of both.
That's how the first-bnblove, facet",79.46531677246094,-0.1047777533531189,90.99391174316406,15.59761898643092,0.0,0
" it was a little of both.
That's how the first-kindlove, facet",79.46531677246094,-0.1047777533531189,79.46530151367188,13.305007452713815,0.0,0
" it was a little of both.
That's how the first-rettylove, facet",79.46531677246094,-0.1047777533531189,90.0849609375,13.480001027960526,0.0,0
" it was a little of both.
That's how the first-kindglass, facet",79.46531677246094,-0.1047777533531189,78.61557006835938,12.356144634046052,0.0,0
" it was a little of both.
That's how the first-nicelove, facet",79.46531677246094,-0.1047777533531189,85.92680358886719,12.330702611019737,0.0,0
" it was a little of both.
That's how the first-kindlove, facet",79.46531677246094,-0.1047777533531189,79.46533966064453,21.56731085526316,0.0,0
" it was a little of both.
That's how the first-kindlove, facet",79.46531677246094,-0.1047777533531189,79.46533203125,21.207860043174342,0.0,0
" it was a little, both.
That's how the first-kindlove, facet",79.46531677246094,-0.1047777533531189,92.59613037109375,15.35094058388158,0.0,0
" it was a little of both.
That's how the first-kindlove, facet",79.46531677246094,-0.1047777533531189,79.46533203125,13.15211759868421,0.0,0
" it was a little of both.
That's how the first-kindREAM, facet",79.46531677246094,-0.1047777533531189,86.72146606445312,14.194404039884867,0.0,0
" it was a little of bothibur
That's origin the first-rettylove, facet",79.46531677246094,-0.1047777533531189,127.46805572509766,14.414445415296052,0.0,0
" it was a little of both.
That's how the first-kindlove, facet",79.46531677246094,-0.1047777533531189,79.46533966064453,20.974719880756577,0.0,0
" it was a little of both.
That's how the first-kindlove, facet",79.46531677246094,-0.1047777533531189,79.46531677246094,13.512890624999999,0.0,0
" it was a little of both.
That's how the first-kindlove, facet",79.46531677246094,-0.1047777533531189,79.46533203125,15.696060341282895,0.0,0
" it was a little of both.
That's how the first-kindlove, facet",79.46531677246094,-0.1047777533531189,79.46533203125,20.06326840049342,0.0,0
" it was a little of botheln
That's how the first-nicelove, facet",79.46531677246094,-0.1047777533531189,112.51473999023438,13.381058542351973,0.0,0
" it was a little of both.</
That's how the first-kindlove, facet",79.46531677246094,-0.1047777533531189,94.976806640625,13.061362818667764,0.0,0
" it was a little of both.
That's how the first-EStreamlove, facet",79.46531677246094,-0.1047777533531189,97.75518035888672,11.796010228207237,0.0,0
" it was a little of both.
That's how the first-kindlove, facet",79.46531677246094,-0.1047777533531189,79.4653549194336,15.19801603618421,0.0,0
" it was a little of both.
That's how the first-kindlove, facet",79.46531677246094,-0.1047777533531189,79.46531677246094,12.465944952713816,0.0,0
" it was a little of both."",""
That's how the first- closev, facet",79.46531677246094,-0.1047777533531189,108.75318145751953,11.614883583470395,0.0,0
" it was a little of both.
That's how the first-kindlove, facet",79.46531677246094,-0.1047777533531189,79.46537017822266,16.229494757401316,0.0,0
" it was a little of both.
That's how the first-afortlove, facet",79.46531677246094,-0.1047777533531189,88.11904907226562,13.651559930098683,0.0,0
" it was a little of both.
That's eman the first-kindlove, facet",79.46531677246094,-0.1047777533531189,99.24036407470703,19.32031763980263,0.0,0
" it was a little terms both.
That's how the first-kindlove, facet",79.46531677246094,-0.1047777533531189,100.59844970703125,13.058213404605263,0.0,0
" it was a little of both.
That's how the first-kindlance, facet",79.46531677246094,-0.1047777533531189,79.81710815429688,12.619109786184211,0.0,0
" it was a little of both.
That's者 online first-EStreamlove, facet",79.46531677246094,-0.1047777533531189,127.19876098632812,23.08157894736842,0.0,0
" it was a little of both.
That's how the first-kindlove, facet",79.46531677246094,-0.1047777533531189,79.46536254882812,20.558393297697368,0.0,0
" it was a little of both.
That's how the first-kindlove, facet",79.46531677246094,-0.1047777533531189,79.46534729003906,17.512935598273025,0.0,0
" it was a little of both.
That's how the first-kindlove, facet",79.46531677246094,-0.1047777533531189,79.4653549194336,18.605405787417762,0.0,0
" it was a little of both.
That's how the first-kindlove, facet",79.46531677246094,-0.1047777533531189,79.46532440185547,12.021725945723684,0.0,0
" it was a little. bothvere
That's revealed the first-kindlove, facet",79.46531677246094,-0.1047777533531189,118.56831359863281,16.611849814967105,0.0,0
" it was a little of both.
That's how the first andkindlove, facet",79.46531677246094,-0.1047777533531189,89.60760498046875,16.654433079769735,0.0,0
